berlioz-symphonie-fantastique-v-1.png,dies-irae-1.png
berlioz-symphonie-fantastique-v-2.png,dies-irae-2.png
berlioz-symphonie-fantastique-v-3.png,dies-irae-3.png
berlioz-symphonie-fantastique-v-4.png,fugue-subject-head.png
berlioz-symphonie-fantastique-v-5.png,fugue-subject.png
berlioz-symphonie-fantastique-v-6.png,fugue-subject-chromatic.png
berlioz-symphonie-fantastique-v-7.png,opening-lower-strings.png
berlioz-symphonie-fantastique-v-8.png,opening-eerie-woodwinds.png
berlioz-symphonie-fantastique-v-9.png,crazy-id√©e-fixe.png
berlioz-symphonie-fantastique-v.png,dies-irae.png
